{"train_loss": 0.0012010695645585656, "val_loss": 0.002730067353695631, "Epoch": 2, "_timestamp": 1669370035.974064, "_runtime": 26.862810134887695, "_step": 2, "_wandb": {"runtime": 27}}